<?xml version="1.0" encoding="UTF-8"?><module>
   <id>CMM_lingo</id>
   <auto-deploy>true</auto-deploy>
   <configurations>
      
      <!-- Document Library config section -->
      <config condition="DocumentLibrary" evaluator="string-compare" replace="false">
         <aspects>
            <visible>
               <aspect label="Semantic" name="lingo:semantic"/>
               <aspect label="Vietnamese Language" name="lingo:language_vn"/>
               <aspect label="English Language" name="lingo:language_en"/>
               <aspect label="Example" name="lingo:example"/>
               <aspect label="Word" name="lingo:word"/>
               <aspect label="Part Of Speech" name="lingo:partOfSpeech"/>
            </visible>
         </aspects>
      </config>

      <!-- Form configuration section - type -->
      
      <!-- Form configuration section - aspect -->
      
      <!-- Entity form designer configuration -->
      <config condition="FormDefinition" evaluator="string-compare">
      </config>

   </configurations>
</module>
