<?xml version="1.0" encoding="UTF-8"?>
<model xmlns="http://www.alfresco.org/model/dictionary/1.0" name="sho:lingo">
    <description>Lingo Model</description>
    <author>shorty</author>
    <imports>
        <import uri="http://www.alfresco.org/model/cmis/custom" prefix="cmiscustom"/>
        <import uri="http://www.alfresco.org/model/dictionary/1.0" prefix="d"/>
    </imports>
    <namespaces>
        <namespace uri="sho/model/lingo" prefix="sho"/>
    </namespaces>
    <data-types/>
    <constraints/>
    <types>
        <type name="sho:word">
            <title>Word</title>
            <description>Represents a word in a language</description>
            <parent>cmiscustom:document</parent>
            <properties>
                <property name="sho:language">
                    <title>Language</title>
                    <description>Represents the language this word belongs to</description>
                    <type>d:text</type>
                    <mandatory>true</mandatory>
                    <index enabled="true">
                        <tokenised>FALSE</tokenised>
                        <facetable>true</facetable>
                    </index>
                    <constraints>
                        <constraint name="sho:LIST_6a9a89ff-5502-4ea9-8b7f-6a6fa1bbe603" type="LIST">
                            <parameter name="allowedValues">
                                <list>
                                    <value>en-GB</value>
                                    <value>en-US</value>
                                    <value>vi-VN</value>
                                    <value>vi-VN-cntr</value>
                                    <value>vi-VN-sth</value>
                                </list>
                            </parameter>
                            <parameter name="sorted">
                                <value>false</value>
                            </parameter>
                        </constraint>
                    </constraints>
                </property>
                <property name="sho:partOfSpeech">
                    <title>Part Of Speech</title>
                    <description>Represents the part of speech of a word</description>
                    <type>d:text</type>
                    <mandatory>true</mandatory>
                    <index enabled="true">
                        <tokenised>TRUE</tokenised>
                        <facetable>false</facetable>
                    </index>
                    <constraints>
                        <constraint name="sho:LIST_1c0220a5-b0ef-49a9-8869-f3f8d3bddbc8" type="LIST">
                            <parameter name="allowedValues">
                                <list>
                                    <value>noun</value>
                                    <value>verb</value>
                                    <value>adjective</value>
                                    <value>adverb</value>
                                    <value>pronoun</value>
                                    <value>preposition</value>
                                    <value>determiner</value>
                                    <value>conjunction</value>
                                    <value>interjection</value>
                                </list>
                            </parameter>
                            <parameter name="caseSensitive">
                                <value>true</value>
                            </parameter>
                            <parameter name="sorted">
                                <value>false</value>
                            </parameter>
                        </constraint>
                    </constraints>
                </property>
            </properties>
            <associations/>
            <overrides/>
            <mandatory-aspects/>
        </type>
    </types>
    <aspects/>
</model>