<?xml version="1.0" encoding="UTF-8"?>
<model xmlns="http://www.alfresco.org/model/dictionary/1.0" name="lingo:lingo">
    <description>Lingo Model</description>
    <author>shorty</author>
    <imports>
        <import uri="http://www.alfresco.org/model/dictionary/1.0" prefix="d"/>
    </imports>
    <namespaces>
        <namespace uri="sho/model/lingo" prefix="lingo"/>
    </namespaces>
    <data-types/>
    <constraints/>
    <types/>
    <aspects>
        <aspect name="lingo:word">
            <title>Word</title>
            <properties>
                <property name="lingo:word">
                    <title>Word</title>
                    <description>Word</description>
                    <type>d:text</type>
                    <mandatory>true</mandatory>
                    <index enabled="true">
                        <tokenised>TRUE</tokenised>
                        <facetable>false</facetable>
                    </index>
                </property>
            </properties>
            <associations/>
            <overrides/>
            <mandatory-aspects/>
        </aspect>
        <aspect name="lingo:partOfSpeech">
            <title>Part Of Speech</title>
            <properties>
                <property name="lingo:partOfSpeech">
                    <title>Part Of Speech</title>
                    <type>d:text</type>
                    <mandatory>true</mandatory>
                    <default>noun</default>
                    <index enabled="true">
                        <tokenised>FALSE</tokenised>
                        <facetable>true</facetable>
                    </index>
                    <constraints>
                        <constraint name="lingo:LIST_14e7db91-157b-42f4-8c01-285a7688e10b" type="LIST">
                            <parameter name="allowedValues">
                                <list>
                                    <value>noun</value>
                                    <value>verb</value>
                                    <value>adjective</value>
                                    <value>adverb</value>
                                    <value>pronoun</value>
                                    <value>preposition</value>
                                    <value>determiner</value>
                                    <value>conjunction</value>
                                    <value>interjection</value>
                                </list>
                            </parameter>
                            <parameter name="caseSensitive">
                                <value>true</value>
                            </parameter>
                            <parameter name="sorted">
                                <value>false</value>
                            </parameter>
                        </constraint>
                    </constraints>
                </property>
            </properties>
            <associations/>
            <overrides/>
            <mandatory-aspects/>
        </aspect>
        <aspect name="lingo:language">
            <title>Language</title>
            <properties>
                <property name="lingo:language">
                    <title>Language</title>
                    <type>d:text</type>
                    <mandatory>true</mandatory>
                    <index enabled="true">
                        <tokenised>FALSE</tokenised>
                        <facetable>true</facetable>
                    </index>
                    <constraints>
                        <constraint name="lingo:LIST_dc0facda-79f6-4973-859c-c612e1b3f98b" type="LIST">
                            <parameter name="allowedValues">
                                <list>
                                    <value>en</value>
                                    <value>en-US</value>
                                    <value>vn</value>
                                    <value>vn-center</value>
                                    <value>vn-south</value>
                                </list>
                            </parameter>
                            <parameter name="sorted">
                                <value>false</value>
                            </parameter>
                        </constraint>
                    </constraints>
                </property>
            </properties>
            <associations/>
            <overrides/>
            <mandatory-aspects/>
        </aspect>
    </aspects>
</model>