<?xml version="1.0" encoding="UTF-8"?>
<model xmlns="http://www.alfresco.org/model/dictionary/1.0" name="lingo:lingo">
    <description>Lingo Model</description>
    <author>shorty</author>
    <imports>
        <import uri="http://www.alfresco.org/model/cmis/custom" prefix="cmiscustom"/>
        <import uri="http://www.alfresco.org/model/dictionary/1.0" prefix="d"/>
    </imports>
    <namespaces>
        <namespace uri="sho/model/lingo" prefix="lingo"/>
    </namespaces>
    <data-types/>
    <constraints/>
    <types>
        <type name="lingo:text">
            <title>Text</title>
            <parent>cmiscustom:document</parent>
            <properties>
                <property name="lingo:text">
                    <title>Text</title>
                    <type>d:text</type>
                    <mandatory>true</mandatory>
                    <index enabled="true">
                        <tokenised>TRUE</tokenised>
                        <facetable>false</facetable>
                    </index>
                </property>
            </properties>
            <associations/>
            <overrides/>
            <mandatory-aspects/>
        </type>
        <type name="lingo:user">
            <title>User</title>
            <description>A user for the lingo model</description>
            <parent>cmiscustom:document</parent>
            <properties>
                <property name="lingo:email">
                    <title>Email</title>
                    <description>The email of the user</description>
                    <type>d:text</type>
                    <mandatory>true</mandatory>
                    <index enabled="true">
                        <tokenised>TRUE</tokenised>
                        <facetable>false</facetable>
                    </index>
                </property>
            </properties>
            <associations/>
            <overrides/>
            <mandatory-aspects/>
        </type>
    </types>
    <aspects>
        <aspect name="lingo:semantic">
            <title>Semantic</title>
            <properties/>
            <associations/>
            <overrides/>
            <mandatory-aspects/>
        </aspect>
        <aspect name="lingo:language_vn">
            <title>Vietnamese Language</title>
            <properties>
                <property name="lingo:dialect">
                    <title>Dialect</title>
                    <type>d:text</type>
                    <mandatory>false</mandatory>
                    <multiple>true</multiple>
                    <index enabled="true">
                        <tokenised>TRUE</tokenised>
                        <facetable>false</facetable>
                    </index>
                    <constraints>
                        <constraint name="lingo:LIST_b03fa8a4-a3a7-4744-8daa-003ce75d0a92" type="LIST">
                            <parameter name="allowedValues">
                                <list>
                                    <value>Hà Nội</value>
                                    <value>Huế	</value>
                                    <value>Sài Gòn</value>
                                    <value>Vinh</value>
                                    <value>Thanh Chương</value>
                                    <value>Hà Tĩnh</value>
                                </list>
                            </parameter>
                            <parameter name="caseSensitive">
                                <value>true</value>
                            </parameter>
                            <parameter name="sorted">
                                <value>false</value>
                            </parameter>
                        </constraint>
                    </constraints>
                </property>
            </properties>
            <associations/>
            <overrides/>
            <mandatory-aspects/>
        </aspect>
        <aspect name="lingo:language_en">
            <title>English Language</title>
            <properties/>
            <associations/>
            <overrides/>
            <mandatory-aspects/>
        </aspect>
        <aspect name="lingo:word">
            <title>Word</title>
            <properties/>
            <associations/>
            <overrides/>
            <mandatory-aspects/>
        </aspect>
        <aspect name="lingo:partOfSpeech">
            <title>Part Of Speech</title>
            <properties>
                <property name="lingo:partOfSpeech">
                    <title>Part Of Speech</title>
                    <type>d:text</type>
                    <mandatory>true</mandatory>
                    <default>noun</default>
                    <index enabled="true">
                        <tokenised>FALSE</tokenised>
                        <facetable>true</facetable>
                    </index>
                    <constraints>
                        <constraint name="lingo:LIST_14e7db91-157b-42f4-8c01-285a7688e10b" type="LIST">
                            <parameter name="allowedValues">
                                <list>
                                    <value>noun</value>
                                    <value>verb</value>
                                    <value>adjective</value>
                                    <value>adverb</value>
                                    <value>pronoun</value>
                                    <value>preposition</value>
                                    <value>determiner</value>
                                    <value>conjunction</value>
                                    <value>interjection</value>
                                </list>
                            </parameter>
                            <parameter name="caseSensitive">
                                <value>true</value>
                            </parameter>
                            <parameter name="sorted">
                                <value>false</value>
                            </parameter>
                        </constraint>
                    </constraints>
                </property>
            </properties>
            <associations/>
            <overrides/>
            <mandatory-aspects/>
        </aspect>
        <aspect name="lingo:example">
            <title>Example</title>
            <properties/>
            <associations/>
            <overrides/>
            <mandatory-aspects/>
        </aspect>
    </aspects>
</model>