<?xml version="1.0" encoding="UTF-8"?>
<model xmlns="http://www.alfresco.org/model/dictionary/1.0" name="lingo:lingo">
    <description>Lingo Model</description>
    <author>shorty</author>
    <imports>
        <import uri="http://www.alfresco.org/model/cmis/custom" prefix="cmiscustom"/>
        <import uri="http://www.alfresco.org/model/dictionary/1.0" prefix="d"/>
    </imports>
    <namespaces>
        <namespace uri="sho/model/lingo" prefix="lingo"/>
    </namespaces>
    <data-types/>
    <constraints/>
    <types>
        <type name="lingo:godfather_folder">
            <parent>cmiscustom:folder</parent>
            <properties/>
            <associations/>
            <overrides/>
            <mandatory-aspects/>
        </type>
        <type name="lingo:text">
            <title>Text</title>
            <parent>lingo:godfather_document</parent>
            <properties>
                <property name="lingo:text">
                    <title>Text</title>
                    <type>d:text</type>
                    <mandatory>true</mandatory>
                    <index enabled="true">
                        <tokenised>TRUE</tokenised>
                        <facetable>false</facetable>
                    </index>
                </property>
            </properties>
            <associations/>
            <overrides/>
            <mandatory-aspects/>
        </type>
        <type name="lingo:godfather_document">
            <parent>cmiscustom:document</parent>
            <properties/>
            <associations/>
            <overrides/>
            <mandatory-aspects/>
        </type>
    </types>
    <aspects>
        <aspect name="lingo:part_of_speech">
            <title>Part Of Speech</title>
            <parent>lingo:godfather_aspect</parent>
            <properties>
                <property name="lingo:part_of_speech">
                    <title>Part Of Speech</title>
                    <type>d:text</type>
                    <mandatory>true</mandatory>
                    <index enabled="true">
                        <tokenised>TRUE</tokenised>
                        <facetable>false</facetable>
                    </index>
                    <constraints>
                        <constraint name="lingo:LIST_053191ad-72cd-42e3-8939-213d51f31794" type="LIST">
                            <parameter name="allowedValues">
                                <list>
                                    <value>noun</value>
                                    <value>verb</value>
                                    <value>adjective</value>
                                    <value>adverb</value>
                                    <value>pronoun</value>
                                    <value>preposition</value>
                                    <value>determiner</value>
                                    <value>conjunction</value>
                                    <value>interjection</value>
                                </list>
                            </parameter>
                            <parameter name="caseSensitive">
                                <value>true</value>
                            </parameter>
                            <parameter name="sorted">
                                <value>false</value>
                            </parameter>
                        </constraint>
                    </constraints>
                </property>
            </properties>
            <associations/>
            <overrides/>
            <mandatory-aspects/>
        </aspect>
        <aspect name="lingo:semantic">
            <title>Semantic</title>
            <parent>lingo:godfather_aspect</parent>
            <properties/>
            <associations/>
            <overrides/>
            <mandatory-aspects/>
        </aspect>
        <aspect name="lingo:godfather_aspect">
            <properties/>
            <associations/>
            <overrides/>
            <mandatory-aspects/>
        </aspect>
        <aspect name="lingo:example">
            <title>Example</title>
            <parent>lingo:godfather_aspect</parent>
            <properties/>
            <associations/>
            <overrides/>
            <mandatory-aspects/>
        </aspect>
        <aspect name="lingo:language_en">
            <title>English Language</title>
            <parent>lingo:godfather_aspect</parent>
            <properties/>
            <associations/>
            <overrides/>
            <mandatory-aspects/>
        </aspect>
        <aspect name="lingo:language_vn">
            <title>Vietnamese Language</title>
            <parent>lingo:godfather_aspect</parent>
            <properties>
                <property name="lingo:dialect">
                    <title>Dialect</title>
                    <type>d:text</type>
                    <mandatory>false</mandatory>
                    <multiple>true</multiple>
                    <index enabled="true">
                        <tokenised>TRUE</tokenised>
                        <facetable>false</facetable>
                    </index>
                    <constraints>
                        <constraint name="lingo:LIST_eda50e62-15cb-4731-894e-9c22b326e69f" type="LIST">
                            <parameter name="allowedValues">
                                <list>
                                    <value>Hà Nội</value>
                                    <value>Huế	</value>
                                    <value>Sài Gòn</value>
                                    <value>Vinh</value>
                                    <value>Thanh Chương</value>
                                    <value>Hà Tĩnh</value>
                                </list>
                            </parameter>
                            <parameter name="caseSensitive">
                                <value>true</value>
                            </parameter>
                            <parameter name="sorted">
                                <value>false</value>
                            </parameter>
                        </constraint>
                    </constraints>
                </property>
            </properties>
            <associations/>
            <overrides/>
            <mandatory-aspects/>
        </aspect>
        <aspect name="lingo:word">
            <title>Word</title>
            <parent>lingo:godfather_aspect</parent>
            <properties/>
            <associations/>
            <overrides/>
            <mandatory-aspects/>
        </aspect>
    </aspects>
</model>