<?xml version="1.0" encoding="UTF-8"?>
<model xmlns="http://www.alfresco.org/model/dictionary/1.0" name="lingo:lingo">
    <description>Lingo Model</description>
    <author>shorty</author>
    <imports>
        <import uri="http://www.alfresco.org/model/cmis/custom" prefix="cmiscustom"/>
        <import uri="http://www.alfresco.org/model/dictionary/1.0" prefix="d"/>
    </imports>
    <namespaces>
        <namespace uri="sho/model/lingo" prefix="lingo"/>
    </namespaces>
    <data-types/>
    <constraints/>
    <types>
        <type name="lingo:word">
            <title>Word</title>
            <description>Represents a word in a language</description>
            <parent>cmiscustom:document</parent>
            <properties/>
            <associations/>
            <overrides/>
            <mandatory-aspects/>
        </type>
    </types>
    <aspects>
        <aspect name="lingo:partOfSpeech">
            <title>Part Of Speech</title>
            <properties>
                <property name="lingo:partOfSpeech">
                    <title>Part Of Speech</title>
                    <type>d:text</type>
                    <mandatory>true</mandatory>
                    <index enabled="true">
                        <tokenised>FALSE</tokenised>
                        <facetable>true</facetable>
                    </index>
                    <constraints>
                        <constraint name="lingo:LIST_4177345d-f2d0-4135-82a9-97b38631f532" type="LIST">
                            <parameter name="allowedValues">
                                <list>
                                    <value>noun</value>
                                    <value>verb</value>
                                    <value>adjective</value>
                                    <value>adverb</value>
                                    <value>pronoun</value>
                                    <value>preposition</value>
                                    <value>determiner</value>
                                    <value>conjunction</value>
                                    <value>interjection</value>
                                </list>
                            </parameter>
                            <parameter name="sorted">
                                <value>false</value>
                            </parameter>
                        </constraint>
                    </constraints>
                </property>
            </properties>
            <associations/>
            <overrides/>
            <mandatory-aspects/>
        </aspect>
        <aspect name="lingo:language">
            <title>Language</title>
            <properties>
                <property name="lingo:language">
                    <title>Language</title>
                    <type>d:text</type>
                    <mandatory>true</mandatory>
                    <index enabled="true">
                        <tokenised>FALSE</tokenised>
                        <facetable>true</facetable>
                    </index>
                    <constraints>
                        <constraint name="lingo:LIST_a3003299-083b-40b7-8f73-2a2739f3e079" type="LIST">
                            <parameter name="allowedValues">
                                <list>
                                    <value>en-GB</value>
                                    <value>en-US</value>
                                    <value>vi-VN</value>
                                    <value>vi-VN-cntr</value>
                                    <value>vi-VN-sth</value>
                                </list>
                            </parameter>
                            <parameter name="caseSensitive">
                                <value>true</value>
                            </parameter>
                            <parameter name="sorted">
                                <value>false</value>
                            </parameter>
                        </constraint>
                    </constraints>
                </property>
            </properties>
            <associations/>
            <overrides/>
            <mandatory-aspects/>
        </aspect>
    </aspects>
</model>